{
    "definitions": [
        {
            "title": "Date Input",
            "id": "date-input",
            "plugins": {
                "xwalk": {
                    "page": {
                        "resourceType": "core/fd/components/form/datepicker/v1/datepicker",
                        "template": {
                            "jcr:title": "Date Input",
                            "fieldType": "date-input"
                        }
                    }
                }
            }
        }
    ],
    "models": [
        {
            "id": "date-input",
            "fields": [
                {
                    "component": "tab",
                    "label": "Basic",
                    "name": "basic"
                },
                {
                    "...": "../form-common/_basic-input-placeholder-fields.json#/fields"
                },
                {
                    "component": "date-time",
                    "name": "default",
                    "label": "Default Value",
                    "valueType": "date"
                },
                {
                    "component": "tab",
                    "label": "Validation",
                    "name": "validation"
                },
                {
                    "...": "../form-common/_date-validation-fields.json#/fields"
                },
                {
                    "component": "tab",
                    "label": "Formats",
                    "name": "formats"
                },
                {
                    "component": "select",
                    "label": "Display Format",
                    "name": "displayFormat",
                    "valueType": "string",
                    "options": [
                        {
                            "name": "No Pattern",
                            "value": ""
                        },
                        {
                            "name": "01 April, 2007",
                            "value": "d MMMM, y"
                        },
                        {
                            "name": "April 01, 2007",
                            "value": "MMMM d, y"
                        },
                        {
                            "name": "Sunday, 01 April, 2007",
                            "value": "EEEE, d MMMM, y"
                        },
                        {
                            "name": "Sunday, April 01, 2007",
                            "value": "EEEE, MMMM d, y"
                        },
                        {
                            "name": "1/4/2007",
                            "value": "d/M/y"
                        }
                    ]
                },
                {
                    "...": "../form-common/_help-container.json#/fields"
                }
            ]
        }
    ]
}
