{
    "definitions": [
        {
            "title": "Email",
            "id": "email",
            "plugins": {
                "xwalk": {
                    "page": {
                        "resourceType": "core/fd/components/form/emailinput/v1/emailinput",
                        "template": {
                            "jcr:title": "Email Input",
                            "fieldType": "email"
                        }
                    }
                }
            }
        }
    ],
    "models": [
        {
            "id": "email",
            "fields": [
                {
                    "component": "tab",
                    "label": "Basic",
                    "name": "basic"
                },
                {
                    "...": "../form-common/_basic-input-placeholder-fields.json#/fields"
                },
                {
                    "...": "../form-common/_basic-input-default-value-fields.json#/fields"
                },
                {
                    "component": "tab",
                    "label": "Validation",
                    "name": "validation"
                },
                {
                    "...": "../form-common/_string-validation-fields.json#/fields"
                },
                {
                    "...": "../form-common/_help-container.json#/fields"
                }
            ]
        }
    ]
}
