{
    "definitions": [
        {
            "title": "Modal",
            "id": "form-modal",
            "plugins": {
              "xwalk": {
                "page": {
                  "resourceType": "core/fd/components/form/panelcontainer/v1/panelcontainer",
                  "template": {
                    "jcr:title": "Modal",
                    "fieldType": "panel",
                    "fd:viewType": "modal",
                    "visible": false
                  }
                }
              }
            }
        }
    ],
    "models": [
        {
            "id": "modal",
            "fields": [
              {
                "component": "tab",
                "label": "Basic",
                "name": "basic"
              },
              {
                "...": "../../models/form-common/_basic-input-fields.json#/fields"
              },
              {
                "...": "../../models/form-common/_help-container.json#/fields"
              }
            ]
        }
    ]
}
