{
  "definitions": [
    {
      "title": "Password",
      "id": "password",
      "plugins": {
        "xwalk": {
          "page": {
            "resourceType": "core/fd/components/form/textinput/v1/textinput",
            "template": {
              "jcr:title": "Password",
              "fieldType": "text-input",
              "fd:viewType": "password"
            }
          }
        }
      }
    }
  ],
  "models": [
    {
      "id": "password",
      "fields": [
        {
          "component": "tab",
          "label": "Basic",
          "name": "basic"
        },
        {
          "...": "../../models/form-common/_basic-input-fields.json#/fields"
        },
        {
          "component": "tab",
          "label": "Validation",
          "name": "validation"
        },
        {
          "...": "../../models/form-common/_string-validation-fields.json#/fields"
        },
        {
          "...": "../../models/form-common/_help-container.json#/fields#/fields"
        }
      ]
    }
  ]
}
